{"mean": 0.5470299729625804, "std": 0.24680680244851758, "last": 0.9101065429844633}