{"mean": 0.5834433066986652, "std": 0.2313601878618644, "last": 0.6995554247831142}