{"mean": 0.5829574819368055, "std": 0.23172150298934632, "last": 0.6747290941607549}